Date,MP1,MP2,ED1,ED2,ED3,ED4,ONRUN3M,ONRUN6M,ONRUN2,ONRUN5,ONRUN10,ONRUN30,SP500,EURO,YEN,Unscheduled
2/8/1990,-0.014,-0.02,0.01,0.02,0.01,0.01,.,.,.,.,.,.,-0.16664,-1.07591,-0.04812,0
3/28/1990,0,-0.02067,-0.02,-0.02,-0.02,-0.03,.,.,.,.,.,.,-0.17281,0.04676,0.85769,0
5/16/1990,0,0,-0.01,-0.02,-0.02,-0.02,.,.,.,.,.,.,0.0369,0.24954,0.01982,0
7/5/1990,0,-0.03444,0,0.01,0.01,0,.,.,.,.,.,.,-0.01121,0.15764,-0.28439,0
7/13/1990,-0.13777,0.13011,-0.04,-0.04,-0.03,-0.03,.,.,.,.,.,.,0.02985,0.88253,-0.74024,1
8/22/1990,0,0,0.01,0,0,0,.,.,.,.,.,.,0.29184,0.11587,-0.44399,0
10/3/1990,0.01107,-0.02844,0,-0.02,0,-0.01,.,.,.,.,.,.,-0.13967,0.67983,-0.59876,0
10/29/1990,-0.03,-0.03,0.02,0.02,0,-0.01,.,.,.,.,.,.,-0.50188,-0.01978,0.3125,1
11/14/1990,0.01875,0.02196,0.01,0.01,0,0.01,.,.,.,.,.,.,-0.00941,0.57764,0.01543,0
12/7/1990,-0.09042,-0.03767,-0.03,-0.02,-0.02,-0.03,.,.,.,.,.,.,0.08856,0.75752,-0.98224,1
12/18/1990,-0.21462,-0.04846,-0.15,-0.12,-0.08,0.02,.,.,.,.,.,.,0.76453,0.18868,-0.01501,0
1/8/1991,-0.13478,-0.10174,-0.17,-0.14,-0.1,-0.1,.,.,.,.,.,.,0.51814,0.13061,-0.18288,1
2/1/1991,-0.07259,-0.06914,-0.04,-0.05,-0.06,-0.03,.,.,.,.,.,.,-0.18027,0.74957,0,1
2/7/1991,0,-0.02,0,-0.01,-0.01,-0.01,.,.,.,.,.,.,-0.22318,-0.02067,-0.31165,0
3/8/1991,-0.02695,-0.07,-0.05,-0.08,-0.05,-0.04,.,.,.,.,.,.,0.39649,-0.96,0.33137,1
3/27/1991,-0.02,0.03813,-0.01,-0.01,-0.02,-0.09,.,.,.,.,.,.,0.14055,-0.95556,0.5421,0
4/30/1991,-0.18,-0.18,-0.18,-0.21,-0.19,-0.15,.,.,.,.,.,.,0.94203,2.93861,-0.95861,1
5/15/1991,0.01938,-0.00287,0,0,0.01,0.02,.,.,.,.,.,.,-0.23957,0.6507,-0.11582,0
7/5/1991,0,-0.031,0.02,0.02,0.02,0.01,0,0,0.021,0.027,0.024,0.025,-0.02932,0.219,-0.82437,0
8/6/1991,-0.186,-0.0744,-0.13,-0.13,-0.11,-0.09,-0.114,-0.091,-0.077,-0.059,-0.04,-0.024,0.49425,0.42628,-0.69505,1
8/21/1991,0.124,0.03421,0.01,0.02,0.03,0.02,0.01,0.01,0.008,0.007,0.004,0.005,0.12212,2.9093,-0.4729,0
9/13/1991,-0.05294,0.01434,-0.01,0,0.02,0,-0.016,-0.011,0.004,-0.007,-0.009,-0.008,-0.04647,0.11873,-0.05967,1
10/2/1991,-0.01069,0.01518,0,-0.01,0.01,0.01,-0.005,0.006,0,-0.006,-0.005,-0.004,-0.04361,0.16236,-0.39039,0
10/30/1991,-0.03001,-0.03001,0,-0.02,0,0,-0.016,-0.005,-0.017,-0.017,-0.006,-0.004,0.02295,1.10646,0.25239,1
11/6/1991,-0.1,-0.1477,-0.09,-0.09,-0.09,-0.09,-0.115,-0.112,-0.093,-0.078,-0.05,-0.044,0,0.14018,0.07704,0
12/6/1991,0,0,0.01,0,0.01,0.01,0.005,0.011,0.009,0.003,0.009,0.002,0.02634,1.13196,-0.44265,1
12/18/1991,0.04769,-0.01244,0,0.01,0.01,0.07,0.01,0.006,0.013,0.011,-0.005,-0.005,-0.00786,0.20337,-0.11664,0
12/20/1991,-0.36635,-0.21965,-0.3,-0.29,-0.29,-0.23,-0.176,-0.232,-0.241,-0.169,-0.082,-0.05,0,1.56382,-0.59222,1
2/6/1992,0.01261,0.00991,-0.01,-0.01,0.01,-0.01,0,-0.005,0,0,-0.004,-0.002,0.03623,0.79264,-0.14305,0
4/1/1992,0.01035,-0.04698,0.02,0,0.01,0.01,0,0,0,-0.002,0.002,0.005,-0.13198,-0.27256,1.18868,0
4/9/1992,-0.21429,-0.17403,-0.19,-0.25,-0.23,-0.25,-0.155,-0.158,-0.188,-0.123,-0.053,-0.036,0.80151,0.30845,-0.27903,1
5/20/1992,0,0.03207,0.02,0.02,0.01,0.01,0.005,0.022,0.026,-0.003,-0.011,-0.008,-0.06721,-0.67445,0.3718,0
7/2/1992,-0.08552,-0.09709,-0.01,0,0.04,0.04,0,0.105,0.012,0.025,0.018,0.004,0.0557,0.23118,-0.25616,0
8/19/1992,0.02583,0.00538,-0.01,0.01,-0.01,0.01,0.005,0.005,0,0,-0.002,-0.001,0.02617,0.33714,0.0396,0
9/4/1992,0,0,-0.01,-0.01,-0.01,-0.02,-0.006,0,-0.008,0.004,0.008,0.016,-0.0024,0.534,-0.62903,1
10/7/1992,0,0.02499,0,0.01,0,0,0.021,0.021,0.017,0.004,0.009,-0.004,-0.18129,-0.86655,0.08339,0
11/18/1992,-0.04999,0.10497,0.01,0,0.01,0.01,0,0,0.005,-0.002,-0.003,-0.004,0.27846,0.16909,-0.13649,0
12/23/1992,0.03873,-0.02978,-0.01,-0.01,-0.01,-0.04,-0.005,-0.005,0,-0.006,-0.004,0,-0.10212,-0.47037,0.26716,0
2/4/1993,0,-0.04,0,0,0.01,0,-0.006,-0.006,0,0.002,0.002,0.004,-0.06245,-0.48368,0.20108,0
3/24/1993,0,0.02583,0.01,0,0,0.04,0,0,0.009,0,0.002,0.003,-0.09324,0.18422,1.01988,0
5/19/1993,-0.02583,-0.01797,-0.01,-0.02,-0.02,-0.03,-0.006,-0.005,-0.012,-0.016,-0.015,-0.015,0.15957,0.04927,-0.95887,0
7/8/1993,0.02696,-0.03732,0,-0.01,0,0,0,0,-0.004,0,-0.002,-0.002,0.29,0.20534,0.97493,0
8/18/1993,0,0.07501,0.01,0.02,0,0.02,0,0.006,0.008,0.007,0.008,0.013,-0.11818,0.7722,0.04924,0
9/22/1993,0,0.02308,0,0,-0.01,-0.02,0,0,0.004,0.009,0.004,0.002,0,0.76758,0,0
11/17/1993,0.02308,-0.05641,0.01,0,0,0,-0.005,-0.005,-0.004,0,-0.012,-0.009,0.04079,-0.05862,0.25297,0
12/22/1993,0,-0.01167,0,0,0,-0.08,-0.005,-0.005,0,0,0,-0.006,0.01935,0.44079,-0.45913,0
2/4/1994,0.16333,-0.05479,0.13,0.15,0.14,0.16,0.149,0.131,0.142,0.112,0.074,0.016,-0.65986,-0.82786,0.73951,0
3/22/1994,-0.00001,-0.08857,-0.06,-0.05,-0.05,-0.05,-0.021,-0.053,-0.052,-0.073,-0.066,-0.051,0.30084,0.62826,-0.23529,0
4/18/1994,0.15001,-0.00501,0.07,0.08,0.09,0.09,0.114,0.084,0.099,0.076,0.049,0.032,-0.67892,-0.42467,-0.19305,1
5/17/1994,0.11072,-0.05138,-0.03,-0.07,-0.07,-0.07,0.036,-0.032,-0.069,-0.087,-0.095,-0.076,0.54159,0.50435,-0.41031,0
7/6/1994,-0.0496,0.05291,0,0,0.01,0.01,-0.01,0,0,0.013,0.015,0.018,-0.18351,0.91129,-0.64731,0
8/16/1994,0.12399,0,0.07,0.03,0.01,0,0.073,0.059,0.022,-0.022,-0.047,-0.039,0.25516,0.01935,0.20979,0
9/27/1994,-0.09,-0.01001,-0.03,-0.02,-0.01,0,-0.062,-0.032,-0.009,0.023,0.024,0.039,-0.19502,0.41954,-0.28383,0
11/15/1994,0.12,0.00729,0.06,0.04,0.03,0.03,-0.031,0.032,0.026,0.004,-0.012,-0.032,-0.55058,-0.31062,0.21413,0
12/20/1994,-0.22546,-0.0435,-0.07,0.01,0.01,0.02,-0.083,-0.059,-0.013,-0.008,0.006,0.014,0.0459,0.06359,0.16975,0
2/1/1995,0.06223,0.03999,0.05,0.05,0.06,0.06,0.042,0.033,0.068,0.053,0.032,0.022,-0.2096,-0.01969,-0.03017,0
3/28/1995,-0.01,0.06751,0.01,0.02,0.02,0.02,0.011,0.021,0.009,0.011,0.016,0.009,-0.14307,1.02048,0.16841,0
5/23/1995,0.00001,0,-0.01,-0.01,-0.01,0,-0.005,0.006,0,0.003,0.002,0.002,-0.01713,-0.42862,-0.10289,0
7/6/1995,-0.1116,-0.10608,-0.18,-0.27,-0.26,-0.25,-0.146,-0.215,-0.19,-0.169,-0.134,-0.083,0.31071,-0.13746,0.28255,0
8/22/1995,0.03443,0.01,0.05,0.06,0.06,0.05,0.01,0.021,0.035,0.036,0.026,0.037,-0.16999,-0.8422,0.18643,0
9/26/1995,0.03001,0.02999,0.07,0.06,0.08,0.05,0.084,0.07,0.039,0.045,0.032,0.013,-0.17497,-0.70246,0.95114,0
11/15/1995,0.03999,-0.01164,0.05,0.03,0.02,0.03,0.016,0.043,0.03,0.022,0.016,0.004,-0.06109,0.81996,-0.76711,0
12/19/1995,-0.09041,-0.06,-0.05,-0.03,-0.03,-0.04,-0.021,-0.037,-0.017,-0.022,-0.008,-0.015,0.26401,-0.52138,0.14749,0
1/31/1996,-0.03001,-0.02,-0.02,-0.02,-0.03,-0.04,-0.01,-0.021,-0.029,-0.033,-0.01,-0.002,0.05067,-0.03357,-0.3169,0
3/26/1996,0.01,-0.021,0.01,0.01,0.02,0.01,-0.005,0.011,0.013,-0.008,-0.002,-0.006,0.21235,0.14222,0.18834,0
5/21/1996,-0.00001,0.01107,0,0.02,0.01,0.02,0.005,0.006,0.013,0.015,0.012,0.009,-0.21492,-0.46708,-0.13067,0
7/3/1996,-0.07197,-0.01007,-0.04,-0.02,-0.01,-0.01,-0.042,-0.027,-0.026,-0.02,-0.011,0.003,0.13861,0.18388,0.19074,0
8/20/1996,-0.02819,0.01,0,0,0.02,0.01,-0.015,0.006,0.009,0.013,0.013,0.013,-0.14401,-0.11419,0.39863,0
9/24/1996,-0.12,-0.10235,-0.08,-0.09,-0.07,-0.08,-0.135,-0.102,-0.091,-0.056,-0.031,-0.012,0.00727,-0.14536,-0.03641,0
11/13/1996,-0.01765,-0.00071,0,-0.01,-0.02,-0.03,-0.006,-0.005,-0.009,-0.016,-0.024,-0.022,0.25763,-0.27901,-0.08072,0
12/17/1996,0.01107,-0.00241,-0.01,0,0,-0.01,-0.01,-0.016,0.005,0.005,0.005,-0.003,-0.07589,0.46584,-0.53396,0
2/5/1997,-0.03652,0,-0.01,0.01,0.02,0.03,-0.011,0.005,0.009,0.022,0.022,0.03,-0.33607,-0.26087,1.02174,0
3/25/1997,0.04,0.04,0.045,0.065,0.075,0.065,0.011,0.026,0.07,0.072,0.056,0.048,-0.66551,-0.26003,0.78907,0
5/20/1997,-0.09865,-0.07872,-0.07,-0.07,-0.055,-0.05,-0.073,-0.091,-0.035,-0.03,-0.013,-0.005,0.55083,0.84901,-1.93882,0
7/2/1997,-0.02138,0.00802,0,0,0,0,0,-0.005,0,-0.008,-0.009,-0.01,0.19237,-0.61612,-0.35674,0
8/19/1997,-0.00001,0.01,-0.005,0.01,0.015,0.015,0,0.005,0.009,0.017,0.013,0.015,-0.42781,-1.01504,0.54325,0
9/30/1997,0,0,-0.01,-0.005,-0.005,0.005,-0.005,-0.016,-0.004,0.003,0.006,0.008,-0.20644,-0.49233,-0.23967,0
11/12/1997,-0.04166,0.00311,-0.03,-0.03,-0.03,-0.035,-0.026,-0.017,-0.03,-0.024,-0.023,-0.013,-0.55214,-0.67301,1.57068,0
12/16/1997,0,-0.01166,-0.005,-0.005,-0.01,-0.01,-0.005,0.005,-0.013,-0.006,-0.004,-0.005,-0.12988,-0.63916,-0.16021,0
2/4/1998,0,0,0.01,0.015,0.02,0.025,0,0.016,0.017,0.011,0.007,0.003,-0.3372,0.91061,-1.7775,0
3/31/1998,-0.01,-0.01001,-0.005,0,0.005,0,-0.016,0,0.004,0.004,0.004,0,-0.01808,-0.18378,0.85502,0
5/19/1998,-0.02584,-0.00947,-0.03,-0.015,-0.015,-0.015,-0.011,-0.011,-0.018,-0.011,-0.008,-0.004,-0.11687,0.185,0.28687,0
7/1/1998,-0.00516,0.031,0.005,0,0.005,0.005,-0.005,0,0,0.003,0.002,0.001,0.08763,-0.77583,0.26032,0
8/18/1998,0.01193,0,0.005,-0.005,0,-0.005,-0.01,-0.006,-0.004,0.001,0,0.003,0.16447,-0.35018,-0.52133,0
9/29/1998,0.05,0.07309,0.05,0.005,0.01,0.015,0,0.011,0.021,0.014,-0.004,0.004,-0.75181,0.20901,-1.32646,0
10/15/1998,-0.24219,-0.23714,-0.24,-0.26,-0.275,-0.275,-0.166,-0.254,-0.254,-0.199,-0.15,-0.081,2.04262,0.88539,-1.48403,1
11/17/1998,-0.06923,0.06589,-0.035,-0.03,0.005,-0.01,-0.057,-0.053,-0.013,-0.008,-0.01,-0.001,0.81194,-0.14975,1.33668,0
12/22/1998,0,0.0112,0.01,-0.005,-0.005,0,-0.006,0.01,0.004,-0.004,0.002,0.019,-0.13276,-0.04778,0.66334,0
2/3/1999,0.0056,0,-0.005,0.015,0.01,0.005,-0.005,0,0.012,0.019,0.024,0.015,0.14979,0.0971,0.30325,0
3/30/1999,-0.01,-0.01,-0.02,-0.025,-0.025,-0.035,-0.016,-0.016,-0.029,-0.019,-0.006,0.002,-0.20642,0.14931,0.26716,0
5/18/1999,-0.01193,0.02,0.03,0.12,0.145,0.165,0.021,0.08,0.111,0.124,0.108,0.069,-1.43559,0,-0.02434,0
6/30/1999,-0.03,-0.07,-0.095,-0.095,-0.105,-0.12,-0.031,-0.049,-0.109,-0.11,-0.077,-0.045,1.60906,-0.2612,0.10761,0
8/24/1999,0.035,0.01115,0.003,0,-0.005,-0.025,0.021,-0.005,0,-0.02,-0.019,-0.003,0.57282,-0.44537,-0.179,0
10/5/1999,-0.04173,-0.0166,0.035,0.075,0.1,0.1,0,0.032,0.076,0.078,0.072,0.057,-0.82928,-0.09343,0.57358,0
11/16/1999,0.07501,0.09049,0.065,0.08,0.075,0.06,0.042,0.021,0.077,0.053,0.038,0.023,-0.41763,-0.02908,0.9058,0
12/21/1999,0.01551,-0.00652,0.01,0.045,0.035,0.05,0.011,0.027,0.031,0.044,0.04,0.039,0.47722,0.26823,-0.64252,0
2/2/2000,-0.05907,0.00005,-0.015,0,0.005,0.025,-0.031,0,0.039,0.055,0.046,0.024,-0.4101,0.38023,0.678,0
3/21/2000,-0.0465,0.05993,-0.01,-0.005,0.005,0.005,-0.005,0,0.022,0.018,-0.002,-0.004,0.06116,-0.07209,0.38498,0
5/16/2000,0.04133,0.05,0.05,0.05,0.055,0.045,0.026,0.011,0.052,0.037,0.009,-0.00242,-0.5454,-0.93018,0.24662,0
6/28/2000,-0.025,-0.025,-0.02,-0.02,-0.03,-0.035,-0.031,-0.011,-0.026,-0.018,-0.015,-0.065,0.25302,0,-0.01895,0
8/22/2000,-0.01721,0.00184,-0.005,0.015,0.03,0.03,0,0.005,0.017,0.014,0.008,-0.002,-0.12621,-0.68683,-0.17507,0
10/3/2000,0,0,0.02,0.04,0.05,0.065,-0.01,0.005,0.055,0.044,0.025,-0.009,-0.30266,-0.73813,-0.13785,0
11/15/2000,-0.00999,0.01582,0.007,0.015,0.01,0,0,0.005,0,-0.007,-0.021,0,-0.66752,-0.03499,0.55479,0
12/19/2000,0.06458,0.015,0.03,0.02,0.015,0,0.011,0.016,0.013,0.014,0.026,-0.024,-0.69114,-0.30239,0.43727,0
1/3/2001,-0.39304,-0.165,-0.14,-0.145,-0.1,-0.09,-0.156,-0.118,-0.016,0.053,0.052,0.139,4.07575,0.08452,-0.40966,1
1/31/2001,0.035,0.04909,0.04,-0.01,-0.035,-0.045,0.026,0.038,0.008,0.018,0.013,0.063,-0.62364,0.47496,0.55292,0
3/20/2001,0.07046,-0.1823,-0.04,-0.065,-0.09,-0.09,0.005,-0.021,-0.034,-0.026,-0.008,-0.0066,-0.67958,0.76795,0.13054,0
4/18/2001,-0.43749,-0.44236,-0.38,-0.32,-0.36,-0.285,-0.233,-0.243,-0.233,-0.113,-0.027,0.005,2.22956,0.02269,-1.06736,1
5/15/2001,-0.09688,-0.11501,-0.115,-0.135,-0.13,-0.165,-0.067,-0.094,-0.131,-0.079,-0.024,0.009,0.40882,0.45725,0.11371,0
6/27/2001,0.105,0.05851,0.07,0.065,0.075,0.06,0.072,0.047,0.055,0.022,0.011,-0.02689,-0.40319,-0.02319,0.34728,0
8/21/2001,0.01549,-0.0171,-0.004,-0.04,-0.055,-0.045,-0.005,-0.016,-0.038,-0.008,-0.006,0.002,-0.71223,-0.13148,-0.67097,0
9/17/2001,-0.26538,-0.07256,-0.3575,-0.005,0.29,0.39,-0.008,0.012,0.061,0.0577,0.045,0.07,.,-0.01087,0.17891,1
10/2/2001,-0.03742,-0.04065,-0.055,-0.06,-0.06,-0.06,-0.036,-0.026,-0.008,-0.004,-0.00195,-0.04466,-0.30724,-0.10918,0.42405,0
11/6/2001,-0.15,-0.12674,-0.165,-0.16,-0.185,-0.17,-0.133,-0.124,-0.118,-0.07561,-0.019,0.027,0.94037,0.13388,-0.46829,0
12/11/2001,-0.00775,-0.025,-0.025,-0.07,-0.105,-0.105,-0.041,-0.041,-0.066,-0.075,-0.051,-0.017,0.22721,0.22512,-0.03168,0
1/30/2002,0.025,0.01207,0.03,0.02,0.025,0.03,0.005,0.01,0,-0.009,-0.01,-0.009,-0.12751,0.05785,-0.50184,0
3/19/2002,-0.02584,-0.03121,-0.055,-0.075,-0.075,-0.08,-0.052,-0.046,-0.071,-0.066,-0.052,-0.021,-0.38271,0.07941,0.01892,0
5/7/2002,0.00645,0,-0.02,-0.04,-0.055,-0.06,-0.01,-0.006,-0.0328,0,-0.0186,-0.01,-0.37352,0.12035,-0.12877,0
6/26/2002,0,0,0.01,0.015,0.005,0.005,0.005,0,0,0.0141,0.0081,0.0011,-0.60479,0.2229,-0.20061,0
8/13/2002,0.04306,-0.005,-0.025,-0.08,-0.16,-0.195,-0.02,-0.093,-0.0978,-0.0544,-0.0515,-0.0311,-0.69761,0.15299,-0.07565,0
9/24/2002,0.02,-0.005,0.005,-0.01,-0.02,-0.03,0.005,0.005,0,-0.0169,-0.0146,-0.0018,-0.9571,0.1939,0.02837,0
11/6/2002,-0.2,-0.1188,-0.095,-0.07,-0.085,-0.09,-0.174,-0.138,-0.0562,-0.0707,-0.0707,-0.0332,-0.92593,0.55166,-0.36029,0
12/10/2002,0,0.005,0.007,0.015,0.025,0.04,0,0,0.0405,0.0172,0.0116,0.0069,-0.33811,0.06939,-0.04853,0
1/29/2003,0.01,0.02192,0.04,0.045,0.06,0.055,0.016,0.01,0.0415,0.0458,0.0468,0.0314,0.16534,-0.11069,0.03806,0
3/18/2003,0.02383,-0.01812,0.01,-0.015,0,-0.015,0,0.02,0,-0.0137,-0.021,-0.0078,-0.50717,0.07534,0,0
5/6/2003,0.0372,-0.03,-0.03,-0.08,-0.115,-0.145,-0.01,-0.05,-0.0963,-0.0804,-0.0542,-0.0251,0.17834,0.23757,-0.0636,0
6/25/2003,0.135,0.08604,0.105,0.1,0.145,0.12,0.09,0.08,0.0575,0.0436,0.0257,-0.0079,-0.27153,-0.21566,0.31065,0
8/12/2003,0,0,-0.00999,-0.025,-0.05,-0.08,-0.01,-0.01,-0.0489,-0.0443,-0.0274,-0.0214,-0.10492,0.16809,-0.02955,0
9/16/2003,0.01072,0.005,0.005,-0.005,0.005,-0.01,0,0,-0.0082,0.0034,-0.0059,0.0011,-0.18495,0.08954,-0.03013,0
10/28/2003,-0.005,0.00204,-0.025,-0.09,-0.115,-0.135,-0.01,-0.02,-0.1081,-0.103,-0.0788,-0.0555,-0.05012,0.29976,-0.10148,0
12/9/2003,0,-0.005,-0.0025,0.005,0.055,0.085,0,0,0.0649,0.1068,0.0936,0.0782,-0.05813,0.05724,0.06067,0
1/28/2004,0.005,0.00501,0.02,0.11,0.185,0.245,0.02,0.02,0.2155,0.2288,0.1616,0.1168,-0.9677,-1.17917,0.50218,0
3/16/2004,0,0.00574,-0.025,-0.06,-0.08,-0.1,-0.01,-0.01,-0.0814,-0.0912,-0.0714,-0.0479,-0.07294,-0.06521,0.04133,0
5/4/2004,-0.01148,-0.005,0,0.005,0.01,0.02,0,-0.03,0.0243,0.0211,0.0245,0.0393,0.36567,0.04966,-0.12734,0
6/30/2004,-0.005,-0.02714,-0.035,-0.03,-0.025,-0.015,-0.02,-0.02,-0.0081,0.007,0.0119,0.0197,0.28122,0.07395,-0.34772,0
8/10/2004,0.00738,0.03279,0.035,0.045,0.045,0.04,0,-0.02,0.0408,0.0346,0.0231,0.0104,-0.2991,-0.27638,0.3023,0
9/21/2004,0,0,-0.01,-0.015,-0.015,-0.02,-0.01,-0.02,-0.0083,-0.0171,-0.0249,-0.0282,0.06393,0.41548,-0.11365,0
11/10/2004,-0.0075,0.00617,-0.01,-0.02,-0.04,-0.05,0.01,0,-0.0248,-0.0275,-0.0295,-0.0277,0.08411,0.08542,-0.11653,0
12/14/2004,-0.00913,-0.00468,-0.005,-0.015,-0.015,-0.02,-0.03,-0.02,-0.0166,-0.0103,-0.0135,-0.012,0.05833,0.15801,-0.14217,0
2/2/2005,0,-0.01721,-0.005,-0.015,-0.02,-0.02,0,0,0,-0.014,-0.0234,-0.0267,0.00504,0.07674,-0.04331,0
3/22/2005,0,0.01107,0.03,0.07,0.095,0.105,0.01,0.06,0.0847,0.1129,0.1176,0.0928,-0.28511,-0.37135,0.19032,0
5/3/2005,-0.00553,0.005,0.01,0.015,0.025,0.035,-0.01,0.03,0.0329,0.0244,0.0079,-0.0038,0.32116,-0.0776,0.00951,0
6/30/2005,-0.005,0.00909,0.035,0.055,0.05,0.045,0.01,0.01,0.0409,0.0279,-0.002,-0.009,-0.42657,-0.07447,0.08117,0
8/9/2005,-0.00705,0.0141,-0.005,-0.025,-0.025,-0.03,-0.03,-0.02,-0.025,-0.0251,-0.0221,-0.0253,0.23399,0.21064,-0.21838,0
9/20/2005,0.045,0.03983,0.025,0.015,0.01,0.01,0.03,0.01,0.0084,0,-0.0273,-0.0431,-0.12166,-0.23841,0.24634,0
11/1/2005,-0.00518,0.00374,0,0.01,0.01,0.015,0,0,0.0166,0.0143,0.0061,0.003,0.24188,-0.01666,0.03002,0
12/13/2005,-0.00861,-0.005,-0.0025,-0.015,-0.03,-0.03,-0.02,-0.01,-0.0084,-0.0211,-0.0138,-0.0091,0.48448,0.22626,-0.17895,0
1/31/2006,0.005,0.025,0.025,0.025,0.035,0.04,0.01,0.02,0.0332,0.0357,0.0359,0.031,-0.28159,-0.41071,0.51747,0
3/28/2006,0,0.02953,0.035,0.055,0.06,0.065,0,0.02,0.0496,0.0616,0.0426,0.0338,-0.64595,-0.37298,0.42203,0
5/10/2006,0,0.03,0.035,0.055,0.065,0.065,0.01,0.02,0.0591,0.0576,0.0381,0.0315,-0.15511,0.086,-0.04255,0
6/29/2006,-0.015,-0.02175,-0.04,-0.045,-0.04,-0.04,-0.01,-0.04,-0.05,-0.0288,-0.0083,0.0035,0.49365,0.81411,-0.75738,0
8/8/2006,-0.04718,-0.01065,-0.03,-0.035,-0.03,-0.03,-0.02,-0.02,-0.0167,-0.0143,0,0.0173,-0.26456,0.14018,-0.0478,0
9/20/2006,-0.01499,0,0.015,0.02,0.02,0.03,0,0.01,0.0255,0.0179,0.0139,0.0052,-0.24016,-0.09442,0.02473,0
10/25/2006,-0.005,0.00316,-0.005,-0.005,-0.01,-0.015,0,0,-0.0165,-0.0145,-0.0201,-0.0181,-0.03989,0.11125,-0.11832,0
12/12/2006,0,-0.005,-0.005,-0.015,-0.055,-0.06,-0.02,-0.01,-0.0421,-0.0461,-0.0353,-0.0269,0.28273,0.39296,-0.23909,0
1/31/2007,-0.005,-0.005,-0.005,0,-0.01,-0.02,-0.01,0,-0.0083,-0.0072,-0.0123,-0.0151,0.52273,0.10759,-0.06207,0
3/21/2007,0,-0.01409,-0.055,-0.095,-0.115,-0.115,-0.01,-0.03,-0.0934,-0.0709,-0.0492,-0.0352,0.88763,0.54127,-0.30543,0
5/9/2007,-0.00704,0.005,0.005,0.035,0.055,0.06,0,0.02,0,0.0391,0.0238,0.013,-0.1418,-0.1476,0.0784,0
6/28/2007,0,0,0.005,0.005,0.015,0.025,-0.01,0,0.0166,0.0107,0.0084,0.0076,-0.28916,-0.0223,-0.04873,0
8/7/2007,0.00646,-0.0097,0,-0.015,-0.04,-0.05,-0.01,-0.02,-0.0333,-0.0247,-0.0183,0,-1.05096,0.07999,-0.33329,0
8/10/2007,0.01477,0.02784,0.025,0.03,0.025,0.025,-0.01,0,0.0251,0.0106,0.002,-0.001,-0.20921,0,-0.06205,1
8/17/2007,0.03321,0.03767,-0.0625,-0.05,-0.03,-0.025,0,-0.02,0,0.0351,0.0511,0.0698,0.30044,0.25248,0.36552,1
9/18/2007,-0.2,-0.16,-0.175,-0.185,-0.17,-0.155,-0.11,-0.18,-0.1265,-0.0567,0.0059,0.0405,1.33054,0.50407,-0.1985,0
10/31/2007,-0.02499,0.037,0.025,0.07,0.09,0.1,0.08,0.06,0.0741,0.0667,0.0528,0.0459,-0.44209,0.01383,-0.02603,0
12/11/2007,0.03101,0.03,0.1775,0.125,0.015,-0.06,-0.04,-0.05,-0.1401,-0.1105,-0.0707,-0.0622,-1.59674,-0.1768,-0.55501,0
1/22/2008,-0.46501,-0.255,-0.13,-0.1,-0.05,-0.015,0.01,0,0,0.073,0.0864,0.0639,-0.9244,0.37887,0.27845,1
1/30/2008,-0.115,-0.09116,-0.14,-0.115,-0.095,-0.075,-0.08,-0.07,-0.0644,0,0.0169,0.0285,0.75571,0.48662,-0.31708,0
3/11/2008,0.08525,0.01312,0.035,0.095,0.1,0.105,0.14,0.13,0.1776,0.1977,0.0999,0.0455,0.08089,-0.75018,1.01564,1
3/18/2008,0.09539,0.08,0.04,0.025,0.01,0.005,0,0.06,0.0243,-0.0067,-0.0205,-0.0417,-1.13335,-0.18993,-0.66991,0
4/30/2008,-0.065,-0.075,-0.06,-0.085,-0.08,-0.055,-0.01,-0.02,-0.0323,-0.0102,-0.002,-0.003,0.31143,0.23135,-0.01437,0
6/25/2008,-0.01,0.00192,-0.05,-0.03,-0.02,-0.015,0,-0.01,-0.0403,-0.007,-0.0059,-0.0061,0.10337,0.39136,-0.22185,0
8/5/2008,-0.00298,-0.01802,-0.02,-0.025,-0.025,-0.035,-0.01,-0.03,0,0.0103,0.0176,0.017,0.10375,0.04529,-0.1071,0
9/16/2008,0.10713,0.125,0.135,0.085,0.065,0.04,0.01,0.04,0.0567,0.0465,0.0435,0.0309,-0.76838,-0.21909,-0.06379,0
10/8/2008,-0.1213,-0.025,0.02,-0.02,-0.015,-0.005,0.05,-0.04,0.024,0.0461,0.0442,0.0482,-0.73477,0.43338,0.50792,1
10/29/2008,-0.035,-0.07633,-0.005,-0.05,-0.08,-0.095,0.01,-0.01,-0.0477,-0.0303,-0.0552,-0.0213,-1.88032,-0.75804,-0.51302,0
11/25/2008,-0.01,-0.01,-0.085,-0.115,-0.125,-0.13,0.02,0.01,-0.0079,-0.0297,-0.0269,-0.0521,0.18666,0.76479,0.72451,1
12/1/2008,-0.00982,-0.00916,0.01,0.02,0.03,0.045,0,0.01,0.0079,0.0131,0.0087,-0.0111,-0.85134,0.01584,0.17129,1
12/16/2008,-0.16017,-0.175,-0.29,-0.295,-0.305,-0.305,-0.007,-0.077,-0.1682,-0.1874,-0.1424,-0.0502,1.71037,1.33489,-0.9545,0
1/28/2009,0.005,-0.00692,0,-0.01,-0.015,-0.015,0.008,-0.01,0,0.0067,0.0137,0.0374,-0.09395,-0.80791,0.32015,0
3/18/2009,0,-0.005,-0.045,-0.06,-0.06,-0.055,-0.005,-0.011,-0.073,-0.2213,-0.4389,-0.3158,1.5276,2.12766,-2.3299,0
4/29/2009,0.005,0.005,0.005,0.01,0.02,0.035,-0.003,0.002,0.0158,0.0562,0.0679,0.0744,0.75174,-0.39756,0.78531,0
6/24/2009,0,0.00815,0.015,0.035,0.055,0.08,0.01,0.005,0.0394,0.0894,0.1011,0.0702,-0.50384,-0.57139,0.48347,0
8/12/2009,0,0,0,-0.015,-0.02,-0.02,-0.005,-0.002,-0.0081,0.0203,0.0198,0.0238,-0.25911,-0.56957,0.2472,0
9/23/2009,-0.005,-0.01654,-0.055,-0.095,-0.125,-0.135,-0.01,-0.012,-0.0784,-0.0879,-0.0783,-0.0627,0.63447,0.31794,-0.54426,0
11/4/2009,-0.00577,-0.01452,-0.01,-0.015,-0.02,-0.035,-0.004,-0.004,-0.0238,0.0034,0.0228,0.0382,0.07677,0.06736,0.07425,0
12/16/2009,-0.031,0,0,0,0.01,0.025,0,0,0,0.027,0.0343,0.0322,-0.09519,-0.19254,0.25884,0
1/27/2010,-0.005,0.00534,-0.01,0.01,0.035,0.06,0.009,0.017,0.0629,0.0469,0.0232,0.0039,0.0819,-0.26348,0.43069,0
3/16/2010,-0.00517,-0.00999,-0.015,-0.03,-0.045,-0.055,-0.003,-0.014,-0.0485,-0.037,-0.0152,0.0029,0.18716,0.16754,-0.11097,0
4/28/2010,0,-0.01,-0.005,-0.015,-0.015,-0.01,-0.001,0,-0.0079,0.0068,0.0136,0.0126,0.20239,0.24321,0.12906,0
6/23/2010,0.005,-0.00238,0.01,0.01,0.005,0.005,0,-0.005,0,-0.0033,0,-0.0035,0.34373,0.33386,-0.12705,0
8/10/2010,0.00369,-0.00862,-0.01,-0.02,-0.035,-0.04,0,0.004,-0.0079,-0.0552,-0.0639,-0.0342,0.69335,0.83136,-0.76589,0
9/21/2010,0,0.00556,0,-0.01,-0.01,-0.01,-0.003,-0.002,-0.0081,-0.0197,-0.0054,0.0035,0.62964,0.78411,-0.18648,0
11/3/2010,0.00833,0.01136,0,-0.01,-0.005,-0.005,0,0,-0.0079,-0.0322,0.0689,0.1446,-0.48747,-0.2275,0.29411,0
12/14/2010,0,0,0,0,-0.005,-0.005,0,0.002,-0.0081,0.0034,0.0233,0.0186,0.00883,-0.11917,0.072,0
1/26/2011,-0.005,-0.005,-0.005,-0.005,-0.01,-0.025,0,0,-0.0157,-0.01,0.0177,0.0321,-0.05857,0.10977,0.00813,0
3/15/2011,0,0,0,0,0.01,0.02,0,-0.003,0.0321,0.0363,0.0164,-0.0083,0.28501,0.00716,-0.09882,0
4/27/2011,0,-0.01874,-0.01,-0.01,-0.02,-0.02,0,-0.002,-0.0314,-0.0333,-0.0148,-0.0119,0.14414,0.27289,-0.21554,0
6/22/2011,0,0,0,0.005,0.005,0.015,0,0,0.0161,0.0278,0.0236,0.0135,0.09572,0.02082,0.0818,0
8/9/2011,-0.00704,0.01643,0.025,0.005,-0.035,-0.08,0.005,-0.01,-0.0992,-0.1348,-0.0233,0.0512,-0.89025,0.20402,-0.16912,0
9/21/2011,0.00834,0.02618,0.04,0.055,0.065,0.065,0.01,0.01,0.0404,0.0209,-0.043,-0.1533,-0.26924,-0.60944,0.38707,0
11/2/2011,0,0,0.01,0.01,0.01,0.015,0,0,0.0118,0.016,0.0026,-0.0059,-0.15528,-0.24686,0.0715,0
12/13/2011,0.00431,0,0.0025,0.01,0.01,0.01,0,0,0,0,-0.0139,-0.0264,-0.75199,-0.32827,0.09734,0
1/25/2012,-0.005,-0.00501,-0.005,-0.015,-0.025,-0.035,0,0,-0.0195,-0.0663,-0.0511,-0.017,0.34102,0.43136,-0.45373,0
3/13/2012,0,0,0,0.005,0.015,0.02,0,0,0.008,0.0308,0.0404,0.039,-0.05568,-0.32799,0.35012,0
4/25/2012,0,-0.01499,0.005,0,0,0,0,0,-0.0042,0.0066,0.0141,0.0138,-0.04978,-0.12869,0.06808,0
6/20/2012,0.00751,0.00491,0.01,0.02,0.02,0.02,0,0.005,0.0222,0.0081,-0.0375,-0.0582,-0.0517,-0.14175,0.03899,0
8/1/2012,-0.01137,0.01751,0.015,0.01,0.02,0.02,0.005,0,0.0294,0.0526,0.0272,0.0144,-0.01087,-0.35775,0.35888,0
9/13/2012,0.00883,0.015,0.0075,0.015,0.01,0.02,0.005,0.005,0.0239,0.0643,0.0772,0.0757,0.5984,0.06205,0.34416,0
10/24/2012,-0.005,-0.00499,-0.005,0,0,0,0,0,0,-0.013,-0.0035,0.0032,-0.05795,0.02315,0.01228,0
12/12/2012,0.00408,0,-0.0025,-0.005,-0.01,-0.005,-0.005,-0.005,0,0.0016,0.0301,0.042,0.38377,0.35276,0.00229,0
1/30/2013,0.005,-0.0091,0.005,0,0,-0.005,-0.005,-0.005,-0.0078,-0.0112,-0.0081,-0.0087,-0.0604,0.04422,0.05214,0
3/20/2013,0,0,0,0.005,0.005,0,0,0,-0.0041,-0.0032,-0.0052,-0.009,0.09572,0.14675,0.08066,0
5/1/2013,-0.02066,0.03569,0,0.005,0,0,0,0,0,0.0064,0.0161,0.0158,0.14757,0.12884,0.13187,0
6/19/2013,0,0,-0.005,0,0.005,0.01,0.005,0,0.0202,0.0734,0.0634,0.0337,-0.05759,-0.44014,0.80119,0
7/31/2013,0.005,-0.00751,0.005,0.005,0.005,0,0,0,-0.0039,-0.0065,-0.0218,-0.0231,0.46186,0.31605,-0.43274,0
9/18/2013,0,-0.01,-0.01,-0.015,-0.015,-0.03,-0.005,-0.005,-0.0402,-0.1385,-0.1135,-0.0423,0.93123,0.688,-0.55818,0
10/30/2013,0,-0.01192,0,0,0.005,0.005,0,0.005,0.0039,0.0404,0.0389,0.0284,-0.33014,-0.3559,0.33406,0
12/18/2013,0,0,0.005,0,0,-0.005,0,0,-0.0116,-0.0166,0,0.0027,0.78887,0.05814,0.22675,0
1/29/2014,0,0.01291,0.005,0,0,-0.005,0.005,0.005,0,-0.0067,-0.0155,-0.0205,-0.45282,-0.07316,-0.2037,0
3/19/2014,0,0,0,0.01,0.02,0.035,0.005,0,0.0605,0.0927,0.0506,0.0173,-0.17357,-0.46702,0.62522,0
4/30/2014,0,0,0,0,0.005,0,0,0,0,0.0066,0.0073,0.0058,0.02448,-0.00721,0.09302,0
6/18/2014,0,0,0,0.005,0.015,0.015,0,0,0.0162,0.0249,-0.0027,-0.0168,0.33186,-0.02946,0.00196,0
7/30/2014,-0.005,0.00654,0,-0.005,-0.01,-0.01,-0.005,0,-0.0039,-0.0116,-0.0173,-0.0107,0.40578,0.07473,-0.09521,0
9/17/2014,0,0,-0.005,0.01,0.02,0.035,0,0,0.0363,0.0482,0.029,0.0094,0.27313,-0.32401,0.31785,0
10/29/2014,0.005,0.00501,-0.005,0.005,0.035,0.055,0.005,0.005,0.0392,0.0511,0.0233,-0.0024,-0.35665,-0.75335,0.61427,0
12/17/2014,-0.00554,-0.005,-0.015,-0.05,-0.08,-0.105,0,-0.01,-0.0725,-0.0675,-0.0218,0.0089,0.79783,0.41899,-0.23818,0
1/28/2015,0,0,-0.005,-0.005,-0.01,-0.01,0,-0.005,-0.0122,-0.0098,-0.0137,-0.0168,-0.19384,-0.03529,-0.0976,0
3/18/2015,-0.00597,-0.015,-0.045,-0.07,-0.085,-0.095,0,-0.02,-0.0789,-0.0808,-0.055,-0.0343,1.49382,0.99549,-0.2986,0
4/29/2015,-0.005,0.00653,0,0,-0.005,-0.005,0,0,-0.0039,-0.0065,-0.0053,-0.0064,0.09926,-0.75242,0.27641,0
6/17/2015,-0.00577,-0.01501,-0.03,-0.04,-0.05,-0.055,0,-0.01,-0.0442,-0.0647,-0.0468,-0.0294,0.35392,0.35544,-0.32363,0
7/29/2015,-0.005,-0.00501,-0.005,-0.005,-0.01,-0.015,0,0.005,-0.0137,-0.0232,-0.0162,-0.0127,0.16123,-0.10861,-0.02746,0
9/17/2015,-0.06347,-0.05,-0.06,-0.065,-0.065,-0.06,-0.03,-0.035,-0.0591,-0.0545,-0.0394,-0.0082,0.15194,0.52079,-0.37973,0
10/28/2015,-0.005,0.02599,0.025,0.04,0.05,0.055,0.01,0.035,0.0605,0.0479,0.0178,-0.011,-0.70941,-1.14652,0.22981,0
12/16/2015,0.02067,0.005,0.01,0.02,0.015,0.015,0.005,0.01,-0.0081,-0.0166,-0.0265,-0.0373,0.09938,-0.02738,0.07639,0
1/27/2016,-0.005,-0.02566,-0.02,-0.02,-0.035,-0.035,0,-0.01,-0.0315,-0.0328,-0.021,-0.0122,-0.3674,0.08274,-0.10343,0
3/16/2016,-0.0155,-0.05,-0.055,-0.085,-0.105,-0.12,-0.025,-0.05,-0.0949,-0.1059,-0.0655,-0.0102,0.24853,0.8119,-0.62218,0
4/27/2016,-0.005,0.005,0.005,0.01,0.015,0.01,-0.005,0,0.0123,0.0082,-0.0035,-0.0071,0.23738,-0.22045,0.17966,0
6/15/2016,0,-0.03,-0.035,-0.045,-0.045,-0.05,-0.01,-0.02,-0.0482,-0.0403,-0.0188,-0.0015,-0.0389,0.40918,-0.33048,0
7/27/2016,-0.01,0.00668,0,0.005,0.005,0,0,0.005,0.0039,-0.0049,-0.012,-0.0118,0.17277,-0.07274,0.05678,0
9/21/2016,-0.05,-0.02857,-0.025,-0.025,-0.03,-0.035,-0.03,-0.025,-0.0427,-0.0425,-0.0329,-0.0309,0.28085,0.17921,-0.37673,0
11/2/2016,-0.00536,0.00442,0,0,0,0.005,-0.005,-0.005,0.006,0.0048,0.0036,0.0086,0.08383,-0.07204,0.05808,0
12/14/2016,0,0.00518,0,0.02,0.05,0.08,0.005,0.015,0.0608,0.0816,0.0567,0.0208,-0.15587,-0.57326,0.78024,0
2/1/2017,-0.0026,-0.00726,-0.015,-0.02,-0.025,-0.025,0,-0.005,-0.0279,-0.0182,-0.0056,0.0075,0.18312,0.07446,-0.11455,0
3/15/2017,0,-0.00554,-0.03,-0.045,-0.065,-0.075,-0.005,-0.025,-0.0651,-0.0704,-0.0419,-0.0132,0.23708,0.36665,-0.50642,0
5/3/2017,0,0.00937,0.015,0.02,0.015,0.015,0.005,0.01,0.0187,0.0197,0.0162,0.0063,0.02895,-0.10078,0.12457,0
6/14/2017,0.01875,0.01,0.01,0.015,0.02,0.02,0.01,0,0.0283,0.0231,0.0121,0.0015,-0.05658,-0.16857,0.19243,0
7/26/2017,-0.005,-0.00498,-0.005,-0.01,-0.01,-0.015,0,-0.005,-0.0197,-0.0249,-0.016,-0.0047,0.02219,0.34325,-0.393,0
9/20/2017,0,0,0.035,0.04,0.055,0.06,0.0012,0.0075,0.043,0.0534,0.0354,0.0117,-0.14685,-0.77455,0.69152,0
11/1/2017,-0.00259,0.00187,0.005,0,0.005,0,0,0.0025,0.0021,0.005,0.0073,0.0056,0.08574,-0.0688,0.1229,0
12/13/2017,0,0.005,-0.005,-0.005,-0.01,-0.01,0,-0.005,-0.0163,-0.0187,-0.0142,-0.0054,0.10802,0.14439,-0.16815,0
1/31/2018,-0.005,0.01051,0.005,0.005,0.005,0.005,0.005,0.005,0.0101,0.0168,0.0188,0.009,-0.08058,-0.17716,0.10982,0
3/21/2018,0,-0.00534,-0.005,-0.01,-0.005,0.005,0.0025,-0.0075,-0.0083,0.017,0.0239,0.0238,0.36319,0.3015,0.12235,0
5/2/2018,0,0,-0.005,-0.01,-0.01,-0.01,-0.005,-0.005,-0.0142,-0.0186,-0.0093,-0.0009,0.14705,0.33426,-0.18201,0
6/13/2018,-0.00442,-0.00502,0,0.015,0.025,0.035,0.0025,0.0125,0.0411,0.0408,0.0331,0.0185,-0.1356,-0.32236,0.31703,0
8/1/2018,1.00E+10,1.00E+10,1.00E+10,1.00E+10,1.00E+10,1.00E+10,1.00E+10,1.00E+10,1.00E+10,1.00E+10,1.00E+10,1.00E+10,1.00E+10,1.00E+10,1.00E+10,0
9/26/2018,1.00E+10,1.00E+10,1.00E+10,1.00E+10,1.00E+10,1.00E+10,1.00E+10,1.00E+10,1.00E+10,1.00E+10,1.00E+10,1.00E+10,1.00E+10,1.00E+10,1.00E+10,0
11/8/2018,1.00E+10,1.00E+10,1.00E+10,1.00E+10,1.00E+10,1.00E+10,1.00E+10,1.00E+10,1.00E+10,1.00E+10,1.00E+10,1.00E+10,1.00E+10,1.00E+10,1.00E+10,0
12/19/2018,1.00E+10,1.00E+10,1.00E+10,1.00E+10,1.00E+10,1.00E+10,1.00E+10,1.00E+10,1.00E+10,1.00E+10,1.00E+10,1.00E+10,1.00E+10,1.00E+10,1.00E+10,0
1/30/2019,1.00E+10,1.00E+10,1.00E+10,1.00E+10,1.00E+10,1.00E+10,1.00E+10,1.00E+10,1.00E+10,1.00E+10,1.00E+10,1.00E+10,1.00E+10,1.00E+10,1.00E+10,0
3/20/2019,1.00E+10,1.00E+10,1.00E+10,1.00E+10,1.00E+10,1.00E+10,1.00E+10,1.00E+10,1.00E+10,1.00E+10,1.00E+10,1.00E+10,1.00E+10,1.00E+10,1.00E+10,0
5/1/2019,1.00E+10,1.00E+10,1.00E+10,1.00E+10,1.00E+10,1.00E+10,1.00E+10,1.00E+10,1.00E+10,1.00E+10,1.00E+10,1.00E+10,1.00E+10,1.00E+10,1.00E+10,0
6/19/2019,1.00E+10,1.00E+10,1.00E+10,1.00E+10,1.00E+10,1.00E+10,1.00E+10,1.00E+10,1.00E+10,1.00E+10,1.00E+10,1.00E+10,1.00E+10,1.00E+10,1.00E+10,0
7/31/2019,1.00E+10,1.00E+10,1.00E+10,1.00E+10,1.00E+10,1.00E+10,1.00E+10,1.00E+10,1.00E+10,1.00E+10,1.00E+10,1.00E+10,1.00E+10,1.00E+10,1.00E+10,0
9/18/2019,1.00E+10,1.00E+10,1.00E+10,1.00E+10,1.00E+10,1.00E+10,1.00E+10,1.00E+10,1.00E+10,1.00E+10,1.00E+10,1.00E+10,1.00E+10,1.00E+10,1.00E+10,0
10/4/2019,1.00E+10,1.00E+10,1.00E+10,1.00E+10,1.00E+10,1.00E+10,1.00E+10,1.00E+10,1.00E+10,1.00E+10,1.00E+10,1.00E+10,1.00E+10,1.00E+10,1.00E+10,1
10/30/2019,1.00E+10,1.00E+10,1.00E+10,1.00E+10,1.00E+10,1.00E+10,1.00E+10,1.00E+10,1.00E+10,1.00E+10,1.00E+10,1.00E+10,1.00E+10,1.00E+10,1.00E+10,0
12/11/2019,1.00E+10,1.00E+10,1.00E+10,1.00E+10,1.00E+10,1.00E+10,1.00E+10,1.00E+10,1.00E+10,1.00E+10,1.00E+10,1.00E+10,1.00E+10,1.00E+10,1.00E+10,0
1/29/2020,1.00E+10,1.00E+10,1.00E+10,1.00E+10,1.00E+10,1.00E+10,1.00E+10,1.00E+10,1.00E+10,1.00E+10,1.00E+10,1.00E+10,1.00E+10,1.00E+10,1.00E+10,0
3/3/2020,1.00E+10,1.00E+10,1.00E+10,1.00E+10,1.00E+10,1.00E+10,1.00E+10,1.00E+10,1.00E+10,1.00E+10,1.00E+10,1.00E+10,1.00E+10,1.00E+10,1.00E+10,1
3/16/2020,1.00E+10,1.00E+10,1.00E+10,1.00E+10,1.00E+10,1.00E+10,1.00E+10,1.00E+10,1.00E+10,1.00E+10,1.00E+10,1.00E+10,1.00E+10,1.00E+10,1.00E+10,1
4/29/2020,1.00E+10,1.00E+10,1.00E+10,1.00E+10,1.00E+10,1.00E+10,1.00E+10,1.00E+10,1.00E+10,1.00E+10,1.00E+10,1.00E+10,1.00E+10,1.00E+10,1.00E+10,0
6/10/2020,1.00E+10,1.00E+10,1.00E+10,1.00E+10,1.00E+10,1.00E+10,1.00E+10,1.00E+10,1.00E+10,1.00E+10,1.00E+10,1.00E+10,1.00E+10,1.00E+10,1.00E+10,0
7/29/2020,1.00E+10,1.00E+10,1.00E+10,1.00E+10,1.00E+10,1.00E+10,1.00E+10,1.00E+10,1.00E+10,1.00E+10,1.00E+10,1.00E+10,1.00E+10,1.00E+10,1.00E+10,0
8/27/2020,1.00E+10,1.00E+10,1.00E+10,1.00E+10,1.00E+10,1.00E+10,1.00E+10,1.00E+10,1.00E+10,1.00E+10,1.00E+10,1.00E+10,1.00E+10,1.00E+10,1.00E+10,1
9/16/2020,1.00E+10,1.00E+10,1.00E+10,1.00E+10,1.00E+10,1.00E+10,1.00E+10,1.00E+10,1.00E+10,1.00E+10,1.00E+10,1.00E+10,1.00E+10,1.00E+10,1.00E+10,0
