Date,h=1,h=3,h=12
Jul-60,0.605748155,0.730893647,0.853765539
Aug-60,0.612160198,0.735850286,0.855411516
Sep-60,0.619053413,0.740937949,0.859004745
Oct-60,0.628168283,0.748730801,0.863134588
Nov-60,0.652726965,0.765910179,0.870409861
Dec-60,0.666651543,0.778412406,0.877487088
Jan-61,0.653439956,0.77485661,0.880821054
Feb-61,0.647380886,0.771325752,0.882355258
Mar-61,0.648948169,0.769215688,0.880137886
Apr-61,0.652424263,0.76702963,0.875833296
May-61,0.637197669,0.75699802,0.872820829
Jun-61,0.626255257,0.749720904,0.87010122
Jul-61,0.612377134,0.741461943,0.867157529
Aug-61,0.605161238,0.736083404,0.864178596
Sep-61,0.608770419,0.735155703,0.860042106
Oct-61,0.609238124,0.732430389,0.85494438
Nov-61,0.602362188,0.72593648,0.849009186
Dec-61,0.590945366,0.718179001,0.844489486
Jan-62,0.596851508,0.721772172,0.843276511
Feb-62,0.592693507,0.719831675,0.840217137
Mar-62,0.579931951,0.709798063,0.834851211
Apr-62,0.579281614,0.706572962,0.830097445
May-62,0.578121096,0.704911908,0.828625435
Jun-62,0.572289564,0.700147188,0.825508159
Jul-62,0.563486174,0.69061812,0.820782011
Aug-62,0.553594996,0.68173435,0.815229285
Sep-62,0.550523976,0.677968783,0.809956186
Oct-62,0.547884039,0.673252084,0.804457058
Nov-62,0.548957723,0.671029015,0.799409112
Dec-62,0.547138925,0.666640536,0.794691934
Jan-63,0.546506313,0.6625191,0.790898058
Feb-63,0.539278802,0.654463099,0.786355075
Mar-63,0.527552635,0.646630375,0.784058235
Apr-63,0.53344714,0.650351489,0.785657837
May-63,0.531527914,0.648851935,0.785374559
Jun-63,0.52804874,0.646891679,0.785335776
Jul-63,0.524260379,0.643087319,0.784600942
Aug-63,0.525001026,0.645457098,0.786623771
Sep-63,0.525256805,0.647289491,0.787355008
Oct-63,0.523278137,0.646870171,0.787321171
Nov-63,0.52879066,0.651752833,0.78889004
Dec-63,0.538341853,0.656027579,0.789076156
Jan-64,0.545131721,0.657784164,0.788392128
Feb-64,0.53812696,0.65281116,0.78725044
Mar-64,0.531613173,0.647626133,0.786799422
Apr-64,0.542771153,0.653121439,0.789254468
May-64,0.529488349,0.648580255,0.791048334
Jun-64,0.528022167,0.651242184,0.795910678
Jul-64,0.537000176,0.661913185,0.804244522
Aug-64,0.553675402,0.677226825,0.812223522
Sep-64,0.581440155,0.701696249,0.823587794
Oct-64,0.627253093,0.737269559,0.838185365
Nov-64,0.643673059,0.752643395,0.845850388
Dec-64,0.615195399,0.730412764,0.835933056
Jan-65,0.587308675,0.708287968,0.824936424
Feb-65,0.566415169,0.692040679,0.816787971
Mar-65,0.555084589,0.681951062,0.811150262
Apr-65,0.551594252,0.677771507,0.807443964
May-65,0.546121336,0.672905015,0.804676063
Jun-65,0.5479059,0.675518589,0.805498302
Jul-65,0.553913743,0.678338201,0.805680299
Aug-65,0.552121258,0.674269327,0.803660287
Sep-65,0.561494838,0.676958442,0.803633074
Oct-65,0.554453603,0.672878348,0.803037436
Nov-65,0.549947378,0.671885484,0.804596206
Dec-65,0.559475593,0.680536131,0.810011601
Jan-66,0.561406744,0.684526644,0.812796616
Feb-66,0.567029358,0.691300379,0.81755567
Mar-66,0.57495671,0.69897884,0.822796038
Apr-66,0.582389863,0.70747346,0.826763698
May-66,0.591148791,0.715217045,0.830536816
Jun-66,0.585382684,0.710841206,0.831298201
Jul-66,0.584883009,0.7100443,0.83251735
Aug-66,0.589315733,0.712310114,0.834797664
Sep-66,0.592091026,0.715382159,0.838862093
Oct-66,0.590335585,0.712759597,0.837288008
Nov-66,0.5937648,0.714770493,0.837859905
Dec-66,0.594611559,0.717154248,0.839508256
Jan-67,0.601988183,0.722771417,0.841971395
Feb-67,0.603494381,0.723030893,0.844442886
Mar-67,0.596083286,0.716335652,0.841588121
Apr-67,0.596441427,0.715442892,0.840645989
May-67,0.595768313,0.716288249,0.842747326
Jun-67,0.595934918,0.721569541,0.848691934
Jul-67,0.601708329,0.728871686,0.855931592
Aug-67,0.613117424,0.736902754,0.859708186
Sep-67,0.608077367,0.736166016,0.859808724
Oct-67,0.611152663,0.738896095,0.861311931
Nov-67,0.629970005,0.754062605,0.867922132
Dec-67,0.635660043,0.758051666,0.869215085
Jan-68,0.651294257,0.767388364,0.87021029
Feb-68,0.629158569,0.751594607,0.862433215
Mar-68,0.611283958,0.736855371,0.856167808
Apr-68,0.610374024,0.734278876,0.85366333
May-68,0.603652838,0.725401744,0.847881529
Jun-68,0.594806748,0.719730353,0.844555085
Jul-68,0.585385767,0.71087627,0.839892501
Aug-68,0.584173198,0.70833365,0.837846866
Sep-68,0.578481642,0.705937198,0.836832502
Oct-68,0.582125578,0.709124191,0.838470543
Nov-68,0.589820303,0.715657485,0.8428067
Dec-68,0.589288387,0.718281558,0.847396595
Jan-69,0.588418233,0.72029291,0.850910172
Feb-69,0.592922563,0.726541246,0.858266804
Mar-69,0.596934555,0.733529741,0.868768438
Apr-69,0.60843448,0.744578642,0.878555412
May-69,0.621188243,0.757678364,0.888936794
Jun-69,0.624680939,0.760813889,0.889235025
Jul-69,0.62362622,0.760234874,0.888487047
Aug-69,0.621286914,0.75834587,0.888456045
Sep-69,0.621139706,0.757159855,0.8869149
Oct-69,0.619674073,0.756580145,0.885838596
Nov-69,0.635000139,0.765897224,0.888797136
Dec-69,0.641485621,0.773480467,0.89343891
Jan-70,0.666907474,0.794131071,0.901586445
Feb-70,0.662005983,0.796482076,0.904323412
Mar-70,0.661063126,0.796990277,0.905620738
Apr-70,0.668466464,0.801589472,0.905674641
May-70,0.663194273,0.798687349,0.903271979
Jun-70,0.651637386,0.789103448,0.898392781
Jul-70,0.65069185,0.787748992,0.897407846
Aug-70,0.658572405,0.792957017,0.899180284
Sep-70,0.674332724,0.802553296,0.900560946
Oct-70,0.703397981,0.825788995,0.908057782
Nov-70,0.702308098,0.827480323,0.912060104
Dec-70,0.725776143,0.843182266,0.92155944
Jan-71,0.687524,0.815348042,0.910895623
Feb-71,0.652986028,0.78730693,0.899407694
Mar-71,0.626606009,0.764546159,0.88930509
Apr-71,0.615455137,0.753943945,0.884133648
May-71,0.614867217,0.750065788,0.880211117
Jun-71,0.62610399,0.753523419,0.878286175
Jul-71,0.633311146,0.757414582,0.878467279
Aug-71,0.633269705,0.757812446,0.879351552
Sep-71,0.632542903,0.760491553,0.881618761
Oct-71,0.631275766,0.759918081,0.879956187
Nov-71,0.628864742,0.759619723,0.879961455
Dec-71,0.643939345,0.772416685,0.885477482
Jan-72,0.643983729,0.771281167,0.884033426
Feb-72,0.614889471,0.749321009,0.873251796
Mar-72,0.594912173,0.731173844,0.864449882
Apr-72,0.584479948,0.719830301,0.858157903
May-72,0.581992708,0.718695338,0.85754221
Jun-72,0.588692486,0.725172532,0.860671537
Jul-72,0.607953268,0.740181921,0.867271114
Aug-72,0.619422371,0.749833292,0.873277708
Sep-72,0.617454406,0.750265167,0.875330734
Oct-72,0.632957353,0.75993646,0.878259182
Nov-72,0.631889286,0.762794365,0.881137749
Dec-72,0.639015782,0.771936162,0.888163925
Jan-73,0.649398376,0.784186515,0.897802783
Feb-73,0.662124167,0.80028601,0.911166117
Mar-73,0.663351093,0.807854913,0.920793079
Apr-73,0.669241362,0.816223405,0.930405384
May-73,0.672259273,0.827016182,0.943098243
Jun-73,0.695794322,0.853171531,0.960994042
Jul-73,0.738448194,0.897968432,0.988363381
Aug-73,0.775417771,0.931714211,1.009137994
Sep-73,0.781885666,0.936784241,1.014372646
Oct-73,0.785354274,0.936210273,1.016851488
Nov-73,0.780925213,0.932081676,1.019549244
Dec-73,0.790806952,0.939408906,1.029564259
Jan-74,0.808763932,0.955449179,1.046411347
Feb-74,0.791025928,0.940720607,1.038227038
Mar-74,0.781311579,0.930290669,1.027735811
Apr-74,0.786346273,0.930777235,1.02332545
May-74,0.779052284,0.929712347,1.022797296
Jun-74,0.777006077,0.933474997,1.027431127
Jul-74,0.788383345,0.942680658,1.029199754
Aug-74,0.804692639,0.951819166,1.028442133
Sep-74,0.807541761,0.9536048,1.024137382
Oct-74,0.816366421,0.959620054,1.022925911
Nov-74,0.845499851,0.981201947,1.02225734
Dec-74,0.853168072,0.987011949,1.017684802
Jan-75,0.819262613,0.959644124,1.004149297
Feb-75,0.799549523,0.936395035,0.990435628
Mar-75,0.780362009,0.918022813,0.981832954
Apr-75,0.765713241,0.899901971,0.971110052
May-75,0.759331362,0.885524522,0.958424577
Jun-75,0.752995344,0.872460446,0.947709297
Jul-75,0.74358541,0.860843037,0.939257206
Aug-75,0.70851978,0.833966516,0.92478426
Sep-75,0.67852338,0.808061009,0.911314671
Oct-75,0.657000748,0.79093683,0.903638325
Nov-75,0.643698806,0.77897634,0.89799664
Dec-75,0.651487491,0.780352551,0.896159263
Jan-76,0.659501416,0.784808149,0.897910787
Feb-76,0.640536848,0.768973307,0.892271859
Mar-76,0.627211731,0.755804774,0.884435041
Apr-76,0.620791415,0.7483894,0.878267627
May-76,0.616277687,0.743416307,0.873479674
Jun-76,0.603818811,0.733408833,0.868023324
Jul-76,0.592200287,0.723279552,0.864154997
Aug-76,0.591853722,0.723371718,0.864686552
Sep-76,0.603180036,0.732579543,0.871360566
Oct-76,0.61658852,0.743820217,0.873962231
Nov-76,0.631242355,0.752029745,0.873665476
Dec-76,0.637883141,0.757597843,0.873521979
Jan-77,0.658289434,0.767451974,0.873009455
Feb-77,0.642346229,0.757472615,0.869849919
Mar-77,0.620963905,0.739448967,0.861519407
Apr-77,0.591578257,0.718739517,0.853604357
May-77,0.581262702,0.710581325,0.851131939
Jun-77,0.572605438,0.703620209,0.848687006
Jul-77,0.567213359,0.699821351,0.8486973
Aug-77,0.565747656,0.699707006,0.85205282
Sep-77,0.574621622,0.705819929,0.852644874
Oct-77,0.591655796,0.719008586,0.856375859
Nov-77,0.607965573,0.730662272,0.859739244
Dec-77,0.645319379,0.757772519,0.868135012
Jan-78,0.665760844,0.773445548,0.877501549
Feb-78,0.652436693,0.768585971,0.878432469
Mar-78,0.657707969,0.773408855,0.881378108
Apr-78,0.657555791,0.776074887,0.884687133
May-78,0.62732993,0.760898606,0.884447472
Jun-78,0.61234802,0.751096444,0.884273037
Jul-78,0.612631854,0.753643466,0.888618679
Aug-78,0.605938236,0.751602629,0.891875096
Sep-78,0.60850166,0.754877397,0.896035132
Oct-78,0.61207633,0.761425981,0.901676316
Nov-78,0.619978622,0.768211056,0.908285539
Dec-78,0.6269956,0.772725288,0.910626869
Jan-79,0.646340928,0.788172786,0.918889432
Feb-79,0.658900811,0.799944269,0.928473731
Mar-79,0.682233525,0.818919528,0.940108848
Apr-79,0.72904029,0.849247976,0.955913079
May-79,0.726563025,0.856768912,0.969693479
Jun-79,0.713504068,0.854962527,0.976477303
Jul-79,0.720678419,0.864068084,0.987059721
Aug-79,0.740869676,0.884186775,1.002596685
Sep-79,0.75481756,0.904567774,1.021084992
Oct-79,0.77060955,0.930243114,1.043760178
Nov-79,0.781560085,0.947694965,1.059406978
Dec-79,0.801964351,0.972562807,1.078115143
Jan-80,0.847601219,1.017336647,1.104052687
Feb-80,0.902598288,1.073036645,1.137222913
Mar-80,0.974120496,1.139845641,1.172811802
Apr-80,1.037788655,1.20733581,1.2068437
May-80,1.02782854,1.216092627,1.214202857
Jun-80,0.97995577,1.169793474,1.189938654
Jul-80,0.955212124,1.13512325,1.172468881
Aug-80,0.93412679,1.108359963,1.15898061
Sep-80,0.906192145,1.077861088,1.143166356
Oct-80,0.890731737,1.06095426,1.134701807
Nov-80,0.883329075,1.056968614,1.135365599
Dec-80,0.882227224,1.056133532,1.137417655
Jan-81,0.876230419,1.051566285,1.136785464
Feb-81,0.869754319,1.046691513,1.134151323
Mar-81,0.862814587,1.03587182,1.122512487
Apr-81,0.873895009,1.038890719,1.119856594
May-81,0.873632857,1.040319735,1.12217103
Jun-81,0.873794725,1.039803828,1.124109736
Jul-81,0.855104125,1.025010033,1.113599371
Aug-81,0.843034538,1.016018391,1.106166047
Sep-81,0.853068942,1.022157213,1.104420257
Oct-81,0.847713833,1.01787409,1.098696997
Nov-81,0.846589106,1.020812969,1.098891011
Dec-81,0.849216782,1.014057803,1.088401597
Jan-82,0.873855756,1.022562788,1.083324739
Feb-82,0.872613781,1.019544655,1.080423648
Mar-82,0.832693271,0.994072735,1.073272804
Apr-82,0.820729137,0.9816458,1.069679396
May-82,0.813731335,0.972350423,1.060877358
Jun-82,0.812110936,0.970098261,1.057988977
Jul-82,0.804937144,0.962698673,1.050524866
Aug-82,0.795806134,0.955358199,1.043011645
Sep-82,0.783706816,0.941161888,1.031742756
Oct-82,0.777434678,0.93089693,1.0208181
Nov-82,0.765660476,0.913176179,1.005284256
Dec-82,0.773237049,0.909755948,0.995334951
Jan-83,0.793248017,0.915240259,0.987837782
Feb-83,0.755942504,0.885524241,0.973168987
Mar-83,0.729167874,0.861717444,0.960061306
Apr-83,0.712447874,0.844275157,0.950154378
May-83,0.683524866,0.818159932,0.935991
Jun-83,0.676335723,0.808319858,0.929307518
Jul-83,0.666179148,0.797015398,0.920347602
Aug-83,0.657191626,0.787689049,0.913707016
Sep-83,0.656684222,0.784681303,0.91034271
Oct-83,0.634623324,0.767766322,0.901542051
Nov-83,0.619393226,0.755089609,0.895234471
Dec-83,0.625419834,0.757357915,0.894287983
Jan-84,0.63829869,0.766219601,0.897555295
Feb-84,0.633931516,0.763592327,0.896673772
Mar-84,0.615682326,0.750826083,0.894168301
Apr-84,0.604423007,0.741952506,0.892704849
May-84,0.608451518,0.746958887,0.898835942
Jun-84,0.606917823,0.746399399,0.900659353
Jul-84,0.609441346,0.749496983,0.905188795
Aug-84,0.615333334,0.755132372,0.909855681
Sep-84,0.616793081,0.755744417,0.909494666
Oct-84,0.62237987,0.76045821,0.913953513
Nov-84,0.625992009,0.765161523,0.918631207
Dec-84,0.626970437,0.766917133,0.921631224
Jan-85,0.629714974,0.769231693,0.922279992
Feb-85,0.629988592,0.769949186,0.923634215
Mar-85,0.633727393,0.772251202,0.923654418
Apr-85,0.638207321,0.774445506,0.92349437
May-85,0.621865163,0.762087077,0.916396602
Jun-85,0.613436942,0.754133939,0.910532081
Jul-85,0.613507148,0.751731537,0.906136743
Aug-85,0.609666344,0.749565546,0.903194659
Sep-85,0.618348745,0.756735084,0.904355009
Oct-85,0.627007471,0.766126327,0.91111753
Nov-85,0.63454519,0.77456632,0.917240433
Dec-85,0.648269962,0.788529635,0.928778062
Jan-86,0.665114494,0.803749102,0.937412485
Feb-86,0.687664032,0.825300226,0.950811368
Mar-86,0.68760446,0.824756949,0.947969705
Apr-86,0.673684953,0.814774709,0.944048164
May-86,0.670773497,0.812001691,0.941755584
Jun-86,0.664999578,0.803473302,0.934408127
Jul-86,0.654826778,0.795016094,0.929531454
Aug-86,0.652779079,0.792504055,0.928127241
Sep-86,0.654744382,0.790800729,0.920146497
Oct-86,0.647475021,0.783956153,0.914604906
Nov-86,0.652296618,0.788158705,0.915996437
Dec-86,0.67352774,0.805799662,0.925999908
Jan-87,0.685507463,0.816359625,0.930409858
Feb-87,0.668201799,0.80219027,0.925598539
Mar-87,0.63724636,0.77647753,0.912053284
Apr-87,0.625633357,0.764360643,0.904336166
May-87,0.611491178,0.751499193,0.897507678
Jun-87,0.603136651,0.745496383,0.894712785
Jul-87,0.601942321,0.744787299,0.894360672
Aug-87,0.610440593,0.751849086,0.897941183
Sep-87,0.623366957,0.762024853,0.901243807
Oct-87,0.640960652,0.778793611,0.908276339
Nov-87,0.632331727,0.77618414,0.912772583
Dec-87,0.629581648,0.770536606,0.910610578
Jan-88,0.624223492,0.764826683,0.908252848
Feb-88,0.610331403,0.751556981,0.900542796
Mar-88,0.595290722,0.737084149,0.893875696
Apr-88,0.587351549,0.728980103,0.891326899
May-88,0.580020509,0.719851934,0.88543278
Jun-88,0.576875893,0.71634911,0.883143804
Jul-88,0.575914563,0.713368175,0.880237628
Aug-88,0.577195206,0.713780714,0.880476331
Sep-88,0.579823213,0.71549983,0.881292794
Oct-88,0.581623172,0.718016585,0.883115084
Nov-88,0.584377056,0.722726789,0.88699469
Dec-88,0.598981383,0.735385815,0.893302002
Jan-89,0.621246,0.752643023,0.896773367
Feb-89,0.628384411,0.757350755,0.899152519
Mar-89,0.626461904,0.757856612,0.901787921
Apr-89,0.624407822,0.760418111,0.905823236
May-89,0.633707609,0.769404751,0.91355079
Jun-89,0.629589682,0.767843359,0.912850354
Jul-89,0.633756261,0.769584843,0.912406942
Aug-89,0.630913699,0.768452989,0.910868474
Sep-89,0.614593353,0.754542576,0.90291908
Oct-89,0.613904329,0.751791982,0.89688463
Nov-89,0.619456441,0.754635745,0.895918184
Dec-89,0.646202161,0.773263488,0.90159586
Jan-90,0.68219618,0.799723278,0.911392277
Feb-90,0.668294338,0.795686075,0.913429925
Mar-90,0.655712692,0.788097756,0.912110479
Apr-90,0.649962306,0.783449941,0.910081604
May-90,0.6446606,0.779887593,0.908309985
Jun-90,0.64037602,0.779105525,0.911868272
Jul-90,0.646423886,0.788492754,0.921651925
Aug-90,0.664312815,0.806474909,0.933540395
Sep-90,0.658853893,0.802010069,0.930855484
Oct-90,0.668580339,0.808147317,0.933023234
Nov-90,0.680309846,0.819035762,0.938259984
Dec-90,0.676083155,0.814514816,0.935582413
Jan-91,0.675485737,0.810966702,0.93154131
Feb-91,0.664375601,0.801522957,0.928009782
Mar-91,0.646126878,0.78371195,0.918670883
Apr-91,0.63544961,0.767487108,0.906260945
May-91,0.622608574,0.751480008,0.893028722
Jun-91,0.614564004,0.741240067,0.884830884
Jul-91,0.59660395,0.727650206,0.878453424
Aug-91,0.584554017,0.718432335,0.873339087
Sep-91,0.584329813,0.715781517,0.870525316
Oct-91,0.577074062,0.713650152,0.872464697
Nov-91,0.577980516,0.717349018,0.876143176
Dec-91,0.588549146,0.725756367,0.880733428
Jan-92,0.592906846,0.728216171,0.879703853
Feb-92,0.591776052,0.726652766,0.879203064
Mar-92,0.582880867,0.718458457,0.876321442
Apr-92,0.578780468,0.71405154,0.87368657
May-92,0.568811309,0.704701395,0.86761348
Jun-92,0.567239853,0.702454008,0.865907972
Jul-92,0.569827408,0.702401838,0.86593691
Aug-92,0.57027226,0.701196983,0.86364507
Sep-92,0.577082907,0.706187697,0.865658847
Oct-92,0.585530432,0.711790561,0.868884737
Nov-92,0.578428916,0.706870732,0.867276721
Dec-92,0.589492035,0.707314853,0.86188681
Jan-93,0.589032971,0.706208293,0.858663891
Feb-93,0.574614636,0.700241634,0.857120028
Mar-93,0.571128079,0.69677201,0.852796779
Apr-93,0.564877427,0.690675297,0.84765124
May-93,0.560875617,0.685320616,0.843296325
Jun-93,0.54828637,0.677135375,0.841170017
Jul-93,0.538890413,0.670110462,0.839973974
Aug-93,0.53924288,0.670753499,0.842407536
Sep-93,0.546877141,0.675130375,0.844633262
Oct-93,0.553595372,0.681362692,0.848945956
Nov-93,0.552376092,0.681610571,0.851647492
Dec-93,0.573981572,0.694312796,0.85631919
Jan-94,0.582487207,0.702537744,0.86143559
Feb-94,0.576627399,0.702766248,0.863394228
Mar-94,0.572879536,0.702472549,0.866188255
Apr-94,0.557312332,0.692500954,0.864104682
May-94,0.552016606,0.687598071,0.859744546
Jun-94,0.546021918,0.681656281,0.854849658
Jul-94,0.543597804,0.680530222,0.854657554
Aug-94,0.543321595,0.680516609,0.856307259
Sep-94,0.545200224,0.681909704,0.856982818
Oct-94,0.548858405,0.684792795,0.858531321
Nov-94,0.546759058,0.684319707,0.859099627
Dec-94,0.553935983,0.691052993,0.864286415
Jan-95,0.558538125,0.695514124,0.866844528
Feb-95,0.568261786,0.702684244,0.868432638
Mar-95,0.568364207,0.700264522,0.866317497
Apr-95,0.573485657,0.702645448,0.866860573
May-95,0.572599184,0.702364915,0.865616124
Jun-95,0.563641829,0.696732625,0.864463822
Jul-95,0.559888027,0.6934374,0.861794098
Aug-95,0.560788318,0.694540548,0.862292278
Sep-95,0.551480394,0.688633045,0.858569148
Oct-95,0.554020636,0.691706772,0.858613507
Nov-95,0.564368113,0.700202407,0.861399124
Dec-95,0.574367389,0.708590002,0.864988115
Jan-96,0.598217921,0.726542153,0.87254696
Feb-96,0.609499081,0.733353148,0.874898096
Mar-96,0.595180157,0.724768524,0.873676792
Apr-96,0.579313718,0.711906506,0.867648735
May-96,0.565423462,0.701716326,0.864441853
Jun-96,0.557646363,0.69463911,0.858405635
Jul-96,0.552562256,0.689782401,0.854878394
Aug-96,0.5493553,0.685633612,0.851335563
Sep-96,0.547460818,0.683813522,0.851894833
Oct-96,0.549140789,0.685225332,0.853592825
Nov-96,0.550032276,0.686047449,0.856083772
Dec-96,0.551536307,0.687240804,0.856493111
Jan-97,0.553041036,0.688378344,0.856762674
Feb-97,0.556898586,0.69179826,0.858836652
Mar-97,0.551575594,0.687758201,0.854306193
Apr-97,0.554278607,0.689159979,0.852735506
May-97,0.55138065,0.688068585,0.853419019
Jun-97,0.550533692,0.686780235,0.853068951
Jul-97,0.556674126,0.690750983,0.853616861
Aug-97,0.56671999,0.696195495,0.853602525
Sep-97,0.561240775,0.692416262,0.852584805
Oct-97,0.561124701,0.693117523,0.854179398
Nov-97,0.564282682,0.696877819,0.857922389
Dec-97,0.56741078,0.701462575,0.861418879
Jan-98,0.57203452,0.70497167,0.861205446
Feb-98,0.5703798,0.704062903,0.859299352
Mar-98,0.572751656,0.70668463,0.860971249
Apr-98,0.581246115,0.715065795,0.866371076
May-98,0.587171143,0.722421387,0.870741966
Jun-98,0.604442819,0.738082981,0.880812422
Jul-98,0.616093865,0.75209745,0.892104914
Aug-98,0.637562168,0.772680072,0.906067319
Sep-98,0.629043573,0.771716871,0.914721018
Oct-98,0.617612394,0.760711787,0.910223228
Nov-98,0.608603838,0.752515035,0.906584049
Dec-98,0.605640748,0.747924823,0.902923277
Jan-99,0.605314542,0.747234519,0.902323794
Feb-99,0.60592858,0.74722725,0.90053076
Mar-99,0.605498083,0.747964826,0.901657818
Apr-99,0.603259393,0.747800696,0.899717528
May-99,0.597111897,0.743268796,0.898189356
Jun-99,0.590335473,0.736211663,0.895551987
Jul-99,0.58394442,0.73153349,0.894554601
Aug-99,0.585006161,0.732220891,0.895058769
Sep-99,0.591042225,0.736726458,0.89768686
Oct-99,0.604364576,0.747652166,0.904339327
Nov-99,0.608813698,0.749917865,0.902559505
Dec-99,0.62350465,0.759981988,0.90345063
Jan-00,0.641030978,0.772306505,0.905883437
Feb-00,0.647398365,0.782969465,0.912109842
Mar-00,0.658704031,0.794126515,0.919702051
Apr-00,0.677097757,0.812826954,0.933198431
May-00,0.692246725,0.823830062,0.940274056
Jun-00,0.690459651,0.82223253,0.938750735
Jul-00,0.677496273,0.812663636,0.934545817
Aug-00,0.67026487,0.807182237,0.93120394
Sep-00,0.672096982,0.810477707,0.933626605
Oct-00,0.668273962,0.808709651,0.933329084
Nov-00,0.66972117,0.81115203,0.935109935
Dec-00,0.684026053,0.825563904,0.944904382
Jan-01,0.691568623,0.831315445,0.945103411
Feb-01,0.688183169,0.826344073,0.937312154
Mar-01,0.681299087,0.820514047,0.933546642
Apr-01,0.682899858,0.818670392,0.928957102
May-01,0.680908743,0.815692613,0.925289951
Jun-01,0.683859414,0.816909914,0.922908712
Jul-01,0.693792385,0.825175204,0.924456734
Aug-01,0.714975178,0.843445395,0.929990488
Sep-01,0.753967149,0.875356403,0.938937809
Oct-01,0.771505906,0.887275526,0.940165718
Nov-01,0.728910244,0.852168735,0.927499984
Dec-01,0.696693622,0.824388662,0.918190157
Jan-02,0.68105101,0.808480542,0.911425656
Feb-02,0.662780148,0.791439464,0.905468014
Mar-02,0.649373964,0.781343661,0.903390644
Apr-02,0.633196656,0.76476438,0.891820183
May-02,0.61582629,0.750514888,0.884899785
Jun-02,0.612920374,0.747033612,0.883297688
Jul-02,0.61209866,0.746619259,0.882156793
Aug-02,0.607197279,0.742876409,0.880250274
Sep-02,0.606981234,0.742877255,0.880594892
Oct-02,0.607822288,0.744489575,0.885067774
Nov-02,0.616563135,0.752914047,0.892449477
Dec-02,0.629352721,0.764567833,0.899869075
Jan-03,0.642844159,0.776794156,0.905867991
Feb-03,0.65077984,0.786247364,0.910069166
Mar-03,0.652740403,0.791988373,0.916119481
Apr-03,0.665552171,0.805571473,0.924242466
May-03,0.648588467,0.791133679,0.91877091
Jun-03,0.636395302,0.779206491,0.913414138
Jul-03,0.637893037,0.776564956,0.909094078
Aug-03,0.636652929,0.770892878,0.901903436
Sep-03,0.636371066,0.768226503,0.898356492
Oct-03,0.629216177,0.761183559,0.894315274
Nov-03,0.619516169,0.748708321,0.885448356
Dec-03,0.606943972,0.737942791,0.880350048
Jan-04,0.604934696,0.735738859,0.878517805
Feb-04,0.603245489,0.734827866,0.878515577
Mar-04,0.608168275,0.738553404,0.882583463
Apr-04,0.608417964,0.743447954,0.890528329
May-04,0.618309542,0.752908435,0.89811647
Jun-04,0.62843548,0.761006402,0.903627708
Jul-04,0.6180996,0.753719861,0.899106251
Aug-04,0.608321974,0.746042969,0.894190984
Sep-04,0.611940708,0.74895645,0.89468564
Oct-04,0.623282943,0.759433712,0.900503158
Nov-04,0.636008491,0.769481985,0.906207531
Dec-04,0.655161616,0.778945437,0.907410552
Jan-05,0.661011392,0.782042872,0.906520933
Feb-05,0.644603182,0.772472649,0.902439239
Mar-05,0.639039202,0.769943305,0.902872526
Apr-05,0.632105013,0.767484753,0.902734196
May-05,0.637099542,0.773811514,0.906238558
Jun-05,0.649719427,0.784977496,0.911737332
Jul-05,0.669213582,0.800484839,0.915945479
Aug-05,0.689771627,0.81908399,0.923347322
Sep-05,0.731950217,0.851806549,0.934941043
Oct-05,0.73313299,0.858638612,0.941495338
Nov-05,0.715108022,0.845873287,0.935096862
Dec-05,0.691766594,0.826959832,0.927110254
Jan-06,0.687245588,0.821697987,0.923807748
Feb-06,0.679125331,0.813909773,0.92009971
Mar-06,0.66196357,0.799055673,0.913429547
Apr-06,0.662493238,0.798036278,0.912115685
May-06,0.666037178,0.798609241,0.910503742
Jun-06,0.665730033,0.797699934,0.908952689
Jul-06,0.663881749,0.79565193,0.90753242
Aug-06,0.669420032,0.800487402,0.909127593
Sep-06,0.689022855,0.817444536,0.915830983
Oct-06,0.681738516,0.811584235,0.912016704
Nov-06,0.668958531,0.801966796,0.91027462
Dec-06,0.668594282,0.799236396,0.91064927
Jan-07,0.668392887,0.797000366,0.91086731
Feb-07,0.660348618,0.790296082,0.908105445
Mar-07,0.653153402,0.781692346,0.902028434
Apr-07,0.642418787,0.771992933,0.898623741
May-07,0.630563202,0.764154766,0.897895922
Jun-07,0.630876543,0.76735393,0.903175475
Jul-07,0.639359838,0.777719884,0.91125931
Aug-07,0.658099003,0.795172582,0.923168607
Sep-07,0.666618212,0.802906844,0.928374482
Oct-07,0.67334273,0.810201863,0.933942671
Nov-07,0.689065756,0.828553358,0.946897823
Dec-07,0.696926183,0.838652106,0.956270793
Jan-08,0.712771424,0.853443126,0.962307446
Feb-08,0.748365227,0.882015123,0.971299473
Mar-08,0.751616006,0.886142217,0.976778906
Apr-08,0.773813875,0.902955412,0.983857239
May-08,0.805812839,0.928726197,0.995931126
Jun-08,0.833545329,0.958985223,1.011361879
Jul-08,0.87205831,0.998543442,1.032685794
Aug-08,0.935836485,1.061598259,1.064968395
Sep-08,1.017169422,1.132326996,1.092825779
Oct-08,1.076407338,1.19335051,1.121436535
Nov-08,1.064318249,1.190790654,1.121796515
Dec-08,1.044839062,1.178565093,1.117986019
Jan-09,1.032137068,1.16140984,1.110154783
Feb-09,0.992805808,1.122987175,1.089911828
Mar-09,0.940568492,1.077543126,1.071557383
Apr-09,0.909667079,1.041342228,1.048682085
May-09,0.880652851,1.009977002,1.031324943
Jun-09,0.859452407,0.986694757,1.015476914
Jul-09,0.841241506,0.962295165,1.000415212
Aug-09,0.801074925,0.925789796,0.979799467
Sep-09,0.767296721,0.89527685,0.962997877
Oct-09,0.742617201,0.873612113,0.950171834
Nov-09,0.726731767,0.857099101,0.941490304
Dec-09,0.718283606,0.849023376,0.937670979
Jan-10,0.725746043,0.851880154,0.93684384
Feb-10,0.723061599,0.85119421,0.935905865
Mar-10,0.723641782,0.848467014,0.93287265
Apr-10,0.708992713,0.833468465,0.927416526
May-10,0.704489121,0.827148532,0.92683838
Jun-10,0.671855644,0.803385353,0.916784379
Jul-10,0.656360977,0.789470542,0.906868781
Aug-10,0.641713578,0.776736539,0.898836556
Sep-10,0.634189698,0.770111648,0.8950957
Oct-10,0.636098699,0.771773933,0.896575966
Nov-10,0.642965366,0.774361796,0.893714017
Dec-10,0.684394627,0.798874273,0.897276408
Jan-11,0.67032634,0.790497568,0.895262293
Feb-11,0.667875564,0.789682899,0.896490842
Mar-11,0.660425548,0.784602282,0.896745082
Apr-11,0.654195108,0.779393809,0.894490622
May-11,0.648445385,0.776436891,0.895895279
Jun-11,0.645077934,0.773463761,0.893753362
Jul-11,0.651746591,0.778945665,0.895676836
Aug-11,0.653385377,0.783243282,0.90087061
Sep-11,0.643290719,0.774939022,0.896462373
Oct-11,0.634601967,0.766274266,0.89176337
Nov-11,0.62328878,0.754803331,0.886393209
Dec-11,0.615442406,0.74543542,0.878578923
Jan-12,0.607802639,0.737476456,0.872341711
Feb-12,0.593343688,0.725629264,0.866907716
Mar-12,0.590223001,0.721959495,0.86513719
Apr-12,0.584243733,0.718048446,0.865011561
May-12,0.586693992,0.721562335,0.867089513
Jun-12,0.587964338,0.72233158,0.86780236
Jul-12,0.595590921,0.727846971,0.869910634
Aug-12,0.604652129,0.735168456,0.870301785
Sep-12,0.601600601,0.730710102,0.866427222
Oct-12,0.603635305,0.72890845,0.863406016
Nov-12,0.617639613,0.735541804,0.8639024
Dec-12,0.632442515,0.741160413,0.865374298
Jan-13,0.644137802,0.748412156,0.870185594
Feb-13,0.621472293,0.742555016,0.871914479
Mar-13,0.604953171,0.73457427,0.870078239
Apr-13,0.580120044,0.713996781,0.862680508
May-13,0.569998634,0.70430763,0.859077886
Jun-13,0.563479794,0.697446762,0.856707979
Jul-13,0.567128453,0.697640624,0.856990357
Aug-13,0.56079468,0.692418274,0.854448299
Sep-13,0.549803653,0.683130207,0.848976401
Oct-13,0.555800161,0.6851117,0.847998897
Nov-13,0.558229067,0.687975652,0.847618039
Dec-13,0.563748156,0.69132053,0.847491293
Jan-14,0.575938004,0.697877794,0.847620204
Feb-14,0.573330226,0.696309653,0.846041463
Mar-14,0.561342534,0.686696451,0.83991686
Apr-14,0.550589168,0.679301999,0.836515905
May-14,0.545062383,0.676523806,0.836351827
Jun-14,0.549497815,0.681379846,0.840171197
Jul-14,0.563694742,0.693900665,0.84773748
Aug-14,0.576873779,0.707722331,0.857110626
Sep-14,0.584529209,0.716668829,0.863523528
Oct-14,0.599827487,0.731059839,0.872691419
Nov-14,0.621728725,0.751361088,0.884646522
Dec-14,0.644878389,0.775816496,0.899736685
Jan-15,0.669145588,0.799434234,0.912420217
Feb-15,0.684563486,0.817152755,0.923503429
Mar-15,0.683334702,0.813954516,0.920816646
Apr-15,0.66880443,0.801493602,0.918295227
May-15,0.658633022,0.792972048,0.914815983
Jun-15,0.643766889,0.779452325,0.909024688
Jul-15,0.637561085,0.775275815,0.909094605
Aug-15,0.631117557,0.770804262,0.905988763
Sep-15,0.632929085,0.771468206,0.903854961
Oct-15,0.63058078,0.769261143,0.900061907
Nov-15,0.641614394,0.776604896,0.901366684
Dec-15,0.667833476,0.790874159,0.901671705
Jan-16,0.659732239,0.78652855,0.901243848
Feb-16,0.651288492,0.779361588,0.900631544
Mar-16,0.644502012,0.775020956,0.901260285
Apr-16,0.623719821,0.755701422,0.889928994
May-16,0.605735929,0.740610269,0.883280172
Jun-16,0.592324782,0.729634352,0.879252708
Jul-16,0.585145477,0.725387293,0.880253447
Aug-16,0.579645121,0.718463159,0.87514294
Sep-16,0.574128563,0.713053974,0.872360817
Oct-16,0.576230762,0.715800587,0.875594515
Nov-16,0.584656198,0.723940865,0.881019972
Dec-16,0.589386138,0.72677019,0.881789629
Jan-17,0.586738952,0.721578017,0.875060437
Feb-17,0.587901186,0.720788148,0.872379212
Mar-17,0.588850916,0.721830713,0.873868137
Apr-17,0.58566744,0.718825791,0.872016347
May-17,0.58044528,0.71649257,0.870883228
Jun-17,0.574855081,0.711711469,0.867153757
Jul-17,0.572404247,0.708657457,0.864661168
Aug-17,0.578601629,0.7129624,0.864504865
Sep-17,0.587635035,0.718259942,0.865131758
Oct-17,0.592154408,0.721210799,0.867112387
Nov-17,0.579772757,0.714219393,0.866402189
Dec-17,0.575573857,0.710626156,0.865130999
Jan-18,0.581466891,0.71455345,0.867699427
Feb-18,0.585053176,0.717021803,0.869876191
Mar-18,0.578335696,0.711222976,0.86552401
Apr-18,0.578861129,0.707661424,0.861476049
May-18,0.581254464,0.707780119,0.861069882
Jun-18,0.564764454,0.698043896,0.858756686
Jul-18,0.555257153,0.692331838,0.856139957
Aug-18,0.553761822,0.692217374,0.856787128
Sep-18,0.557787462,0.697311274,0.859462273
Oct-18,0.566449022,0.70690088,0.865390678
Nov-18,0.585489349,0.725233064,0.877506494
Dec-18,0.606383334,0.740649587,0.881591118
Jan-19,0.609213706,0.743271252,0.883061424
Feb-19,0.606655517,0.740615798,0.881739261
Mar-19,0.601765573,0.736071338,0.879608622
Apr-19,0.607470379,0.738402163,0.880539491
May-19,0.598845307,0.734547729,0.881174676
Jun-19,0.59721105,0.734276098,0.88408798
Jul-19,0.596167806,0.733430638,0.88400734
Aug-19,0.602794371,0.738641749,0.886835994
Sep-19,0.614266581,0.746204818,0.889843116
Oct-19,0.631035162,0.759757377,0.896664056
Nov-19,0.659453571,0.781610866,0.907770912
Dec-19,0.69107051,0.80688287,0.918286214
Jan-20,0.746596362,0.847541638,0.935348423
Feb-20,0.837458596,0.910667929,0.961956003
Mar-20,1.024058353,1.013332367,0.997082615
Apr-20,0.875220409,0.942043634,0.979824164
May-20,0.788755468,0.887751488,0.960119764
Jun-20,0.738776397,0.853150843,0.946693746
